codon_number,codon,relative_frequency,gc_percentage
2,TCT,0.13421052631578947,33.333333333333336
2,TCG,0.12894736842105264,66.66666666666667
2,TCC,0.06578947368421052,66.66666666666667
2,AGC,0.15,66.66666666666667
2,AGT,0.14210526315789473,33.333333333333336
2,TCA,0.37894736842105264,33.333333333333336
3,AGT,0.1650485436893204,33.333333333333336
3,TCA,0.22572815533980584,33.333333333333336
3,TCC,0.10436893203883495,66.66666666666667
3,TCG,0.17718446601941748,66.66666666666667
3,TCT,0.18932038834951456,33.333333333333336
3,AGC,0.1383495145631068,66.66666666666667
4,TCT,0.2136150234741784,33.333333333333336
4,TCG,0.13849765258215962,66.66666666666667
4,TCC,0.107981220657277,66.66666666666667
4,AGC,0.12206572769953052,66.66666666666667
4,TCA,0.19483568075117372,33.333333333333336
4,AGT,0.22300469483568075,33.333333333333336
5,TCG,0.135632183908046,66.66666666666667
5,AGC,0.12873563218390804,66.66666666666667
5,AGT,0.12643678160919541,33.333333333333336
5,TCA,0.20689655172413793,33.333333333333336
5,TCC,0.14942528735632185,66.66666666666667
5,TCT,0.25287356321839083,33.333333333333336
6,AGT,0.1772428884026258,33.333333333333336
6,AGC,0.15536105032822758,66.66666666666667
6,TCT,0.24726477024070023,33.333333333333336
6,TCA,0.16192560175054704,33.333333333333336
6,TCC,0.12253829321663019,66.66666666666667
6,TCG,0.13566739606126915,66.66666666666667
7,AGC,0.15990453460620524,66.66666666666667
7,AGT,0.10978520286396182,33.333333333333336
7,TCA,0.2100238663484487,33.333333333333336
7,TCC,0.12649164677804295,66.66666666666667
7,TCT,0.25059665871121717,33.333333333333336
7,TCG,0.1431980906921241,66.66666666666667
8,AGC,0.16467780429594273,66.66666666666667
8,AGT,0.15990453460620524,33.333333333333336
8,TCA,0.16706443914081145,33.333333333333336
8,TCC,0.1360381861575179,66.66666666666667
8,TCG,0.11455847255369929,66.66666666666667
8,TCT,0.2577565632458234,33.333333333333336
9,TCT,0.29177057356608477,33.333333333333336
9,AGT,0.09226932668329177,33.333333333333336
9,TCA,0.16209476309226933,33.333333333333336
9,TCC,0.12967581047381546,66.66666666666667
9,AGC,0.20199501246882792,66.66666666666667
9,TCG,0.12219451371571072,66.66666666666667
10,AGC,0.19525065963060687,66.66666666666667
10,TCA,0.1820580474934037,33.333333333333336
10,TCC,0.1266490765171504,66.66666666666667
10,TCG,0.1503957783641161,66.66666666666667
10,AGT,0.11609498680738786,33.333333333333336
10,TCT,0.22955145118733508,33.333333333333336
11,AGC,0.22346368715083798,66.66666666666667
11,TCA,0.16759776536312848,33.333333333333336
11,TCC,0.08659217877094973,66.66666666666667
11,TCG,0.13966480446927373,66.66666666666667
11,TCT,0.24860335195530725,33.333333333333336
11,AGT,0.1340782122905028,33.333333333333336
12,AGC,0.21195652173913043,66.66666666666667
12,AGT,0.11141304347826086,33.333333333333336
12,TCA,0.1766304347826087,33.333333333333336
12,TCC,0.125,66.66666666666667
12,TCG,0.09510869565217392,66.66666666666667
12,TCT,0.2798913043478261,33.333333333333336
13,TCG,0.13367609254498714,66.66666666666667
13,TCC,0.12853470437017994,66.66666666666667
13,TCA,0.17994858611825193,33.333333333333336
13,AGT,0.13881748071979436,33.333333333333336
13,AGC,0.14138817480719795,66.66666666666667
13,TCT,0.2776349614395887,33.333333333333336
14,TCT,0.23705722070844687,33.333333333333336
14,AGC,0.21525885558583105,66.66666666666667
14,TCA,0.16621253405994552,33.333333333333336
14,AGT,0.11716621253405994,33.333333333333336
14,TCC,0.1307901907356948,66.66666666666667
14,TCG,0.1335149863760218,66.66666666666667
15,AGC,0.22802197802197802,66.66666666666667
15,AGT,0.11538461538461539,33.333333333333336
15,TCA,0.1620879120879121,33.333333333333336
15,TCC,0.12637362637362637,66.66666666666667
15,TCG,0.13736263736263737,66.66666666666667
15,TCT,0.23076923076923078,33.333333333333336
16,TCG,0.1457142857142857,66.66666666666667
16,AGC,0.19428571428571428,66.66666666666667
16,AGT,0.12,33.333333333333336
16,TCA,0.1657142857142857,33.333333333333336
16,TCT,0.24285714285714285,33.333333333333336
16,TCC,0.13142857142857142,66.66666666666667
17,AGC,0.16708229426433915,66.66666666666667
17,AGT,0.1172069825436409,33.333333333333336
17,TCA,0.20947630922693267,33.333333333333336
17,TCC,0.13216957605985039,66.66666666666667
17,TCG,0.1396508728179551,66.66666666666667
17,TCT,0.2344139650872818,33.333333333333336
18,AGC,0.18575063613231552,66.66666666666667
18,AGT,0.11195928753180662,33.333333333333336
18,TCA,0.24936386768447838,33.333333333333336
18,TCC,0.10432569974554708,66.66666666666667
18,TCG,0.14249363867684478,66.66666666666667
18,TCT,0.20610687022900764,33.333333333333336
19,AGC,0.17277486910994763,66.66666666666667
19,AGT,0.08376963350785341,33.333333333333336
19,TCA,0.17015706806282724,33.333333333333336
19,TCC,0.12041884816753927,66.66666666666667
19,TCG,0.19109947643979058,66.66666666666667
19,TCT,0.2617801047120419,33.333333333333336
20,TCC,0.11570247933884298,66.66666666666667
20,TCG,0.1322314049586777,66.66666666666667
20,TCA,0.18732782369146006,33.333333333333336
20,TCT,0.21487603305785125,33.333333333333336
20,AGC,0.22865013774104684,66.66666666666667
20,AGT,0.12121212121212122,33.333333333333336
21,TCA,0.2033898305084746,33.333333333333336
21,TCC,0.096045197740113,66.66666666666667
21,TCG,0.1327683615819209,66.66666666666667
21,TCT,0.211864406779661,33.333333333333336
21,AGT,0.1440677966101695,33.333333333333336
21,AGC,0.211864406779661,66.66666666666667
22,AGC,0.17941952506596306,66.66666666666667
22,AGT,0.0870712401055409,33.333333333333336
22,TCA,0.19788918205804748,33.333333333333336
22,TCC,0.13984168865435356,66.66666666666667
22,TCG,0.16886543535620052,66.66666666666667
22,TCT,0.22691292875989447,33.333333333333336
23,AGT,0.16621983914209115,33.333333333333336
23,AGC,0.17158176943699732,66.66666666666667
23,TCA,0.16890080428954424,33.333333333333336
23,TCG,0.12332439678284182,66.66666666666667
23,TCT,0.22788203753351208,33.333333333333336
23,TCC,0.14209115281501342,66.66666666666667
24,AGC,0.21010638297872342,66.66666666666667
24,AGT,0.10638297872340426,33.333333333333336
24,TCA,0.20212765957446807,33.333333333333336
24,TCC,0.125,66.66666666666667
24,TCG,0.13829787234042554,66.66666666666667
24,TCT,0.21808510638297873,33.333333333333336
25,AGC,0.1787709497206704,66.66666666666667
25,AGT,0.09497206703910614,33.333333333333336
25,TCA,0.19273743016759776,33.333333333333336
25,TCC,0.16759776536312848,66.66666666666667
25,TCG,0.13687150837988826,66.66666666666667
25,TCT,0.22905027932960895,33.333333333333336
26,TCA,0.1876750700280112,33.333333333333336
26,AGC,0.21008403361344538,66.66666666666667
26,TCC,0.12885154061624648,66.66666666666667
26,TCG,0.16806722689075632,66.66666666666667
26,TCT,0.18487394957983194,33.333333333333336
26,AGT,0.12044817927170869,33.333333333333336
27,AGC,0.19553072625698323,66.66666666666667
27,AGT,0.11731843575418995,33.333333333333336
27,TCA,0.21787709497206703,33.333333333333336
27,TCC,0.10893854748603352,66.66666666666667
27,TCT,0.24022346368715083,33.333333333333336
27,TCG,0.12011173184357542,66.66666666666667
28,AGC,0.1455026455026455,66.66666666666667
28,AGT,0.1402116402116402,33.333333333333336
28,TCA,0.1984126984126984,33.333333333333336
28,TCC,0.15873015873015872,66.66666666666667
28,TCG,0.1164021164021164,66.66666666666667
28,TCT,0.24074074074074073,33.333333333333336
29,TCA,0.26063829787234044,33.333333333333336
29,AGC,0.22340425531914893,66.66666666666667
29,AGT,0.10372340425531915,33.333333333333336
29,TCC,0.11702127659574468,66.66666666666667
29,TCG,0.10638297872340426,66.66666666666667
29,TCT,0.18882978723404256,33.333333333333336
30,TCC,0.13535911602209943,66.66666666666667
30,AGC,0.13535911602209943,66.66666666666667
30,AGT,0.13812154696132597,33.333333333333336
30,TCA,0.1878453038674033,33.333333333333336
30,TCG,0.15193370165745856,66.66666666666667
30,TCT,0.2513812154696133,33.333333333333336
31,TCT,0.25,33.333333333333336
31,TCC,0.1346153846153846,66.66666666666667
31,TCA,0.18406593406593408,33.333333333333336
31,TCG,0.1346153846153846,66.66666666666667
31,AGC,0.19505494505494506,66.66666666666667
31,AGT,0.10164835164835165,33.333333333333336
32,TCT,0.22193211488250653,33.333333333333336
32,TCG,0.13054830287206268,66.66666666666667
32,TCA,0.195822454308094,33.333333333333336
32,TCC,0.1462140992167102,66.66666666666667
32,AGC,0.1566579634464752,66.66666666666667
32,AGT,0.14882506527415143,33.333333333333336
33,AGC,0.1889763779527559,66.66666666666667
33,AGT,0.16272965879265092,33.333333333333336
33,TCA,0.25196850393700787,33.333333333333336
33,TCC,0.12073490813648294,66.66666666666667
33,TCG,0.11286089238845144,66.66666666666667
33,TCT,0.16272965879265092,33.333333333333336
34,TCC,0.1293800539083558,66.66666666666667
34,AGC,0.16711590296495957,66.66666666666667
34,AGT,0.1293800539083558,33.333333333333336
34,TCA,0.23180592991913745,33.333333333333336
34,TCG,0.13746630727762804,66.66666666666667
34,TCT,0.20485175202156333,33.333333333333336
35,TCT,0.1919191919191919,33.333333333333336
35,AGC,0.20959595959595959,66.66666666666667
35,AGT,0.13636363636363635,33.333333333333336
35,TCA,0.18686868686868688,33.333333333333336
35,TCC,0.15404040404040403,66.66666666666667
35,TCG,0.12121212121212122,66.66666666666667
36,AGC,0.17142857142857143,66.66666666666667
36,TCA,0.21142857142857144,33.333333333333336
36,TCC,0.14857142857142858,66.66666666666667
36,TCG,0.15428571428571428,66.66666666666667
36,TCT,0.18857142857142858,33.333333333333336
36,AGT,0.12571428571428572,33.333333333333336
37,AGC,0.18829516539440203,66.66666666666667
37,AGT,0.13740458015267176,33.333333333333336
37,TCA,0.22391857506361323,33.333333333333336
37,TCC,0.11704834605597965,66.66666666666667
37,TCG,0.15267175572519084,66.66666666666667
37,TCT,0.1806615776081425,33.333333333333336
38,AGC,0.1661807580174927,66.66666666666667
38,TCT,0.2653061224489796,33.333333333333336
38,TCG,0.13119533527696792,66.66666666666667
38,TCC,0.13119533527696792,66.66666666666667
38,TCA,0.1924198250728863,33.333333333333336
38,AGT,0.11370262390670553,33.333333333333336
39,TCT,0.23157894736842105,33.333333333333336
39,AGT,0.12631578947368421,33.333333333333336
39,TCA,0.20789473684210527,33.333333333333336
39,TCC,0.11578947368421053,66.66666666666667
39,TCG,0.10526315789473684,66.66666666666667
39,AGC,0.2131578947368421,66.66666666666667
40,TCT,0.17391304347826086,33.333333333333336
40,AGT,0.12753623188405797,33.333333333333336
40,TCA,0.2289855072463768,33.333333333333336
40,TCC,0.11594202898550725,66.66666666666667
40,TCG,0.16521739130434782,66.66666666666667
40,AGC,0.18840579710144928,66.66666666666667
